{
  "layer_dims": [
    [
      784,
      32
    ],
    [
      32,
      16
    ],
    [
      16,
      10
    ]
  ],
  "requant_M": [
    25499,
    24398
  ],
  "requant_shift": [
    26,
    22
  ],
  "scales": {
    "input": 0.007874015748031496,
    "weight": [
      0.007784595639686885,
      0.007593085916023555,
      0.009403702780956359
    ],
    "activation": [
      0.16131811066875307,
      0.2105770261268916
    ],
    "logit": 0.0019802037661949706
  },
  "n_test_images": 200,
  "float32_test_accuracy": 0.9663,
  "int8_test_accuracy": 0.9653
}